trade_date,wind_code,open,high,low,close,volume,amt
2023-01-03,801210.SI,10751.52,10768.83,10618.11,10722.73,1737810000,16353250000
2023-01-04,801210.SI,10700.08,10887.22,10700.08,10864.79,1780430000,17189410000
2023-01-05,801210.SI,10801.92,10982.65,10713.09,10914.58,1937400000,17670290000
2023-01-06,801210.SI,10893.13,10894.17,10661.20,10690.64,1638210000,15899540000
2023-01-09,801210.SI,10692.94,10849.87,10692.94,10812.51,1515120000,14639030000
2023-01-10,801210.SI,10785.13,10795.73,10686.22,10772.88,1314190000,13883610000
2023-01-11,801210.SI,10763.22,10763.64,10642.71,10659.40,1430150000,14158280000
2023-01-12,801210.SI,10624.66,10695.11,10522.92,10542.89,1241880000,12528200000
2023-01-13,801210.SI,10500.95,10658.81,10454.06,10652.52,1169090000,11772180000
2023-01-16,801210.SI,10646.83,10772.84,10635.68,10699.06,1476300000,13233420000
2023-01-17,801210.SI,10707.97,10793.25,10678.72,10793.25,1615590000,14597380000
2023-01-18,801210.SI,10773.84,10778.60,10646.96,10651.55,1233970000,11574180000
2023-01-19,801210.SI,10587.00,10701.22,10535.77,10655.77,1216200000,10523430000
2023-01-20,801210.SI,10676.94,10824.62,10676.06,10756.79,1281120000,10521750000
2023-01-30,801210.SI,10927.56,10935.44,10780.62,10835.80,1652500000,15425400000
2023-01-31,801210.SI,10794.53,10851.85,10721.38,10762.46,1546190000,13426170000
2023-02-01,801210.SI,10760.63,10850.41,10700.77,10850.41,1520370000,13801200000
2023-02-02,801210.SI,10833.82,10886.94,10777.87,10870.81,1369150000,12879880000
2023-02-03,801210.SI,10831.97,10882.14,10771.25,10872.96,1092840000,10053070000
2023-02-06,801210.SI,10830.34,10847.76,10735.59,10741.67,1119790000,10718080000
2023-02-07,801210.SI,10779.16,10801.31,10660.92,10715.00,1199630000,11076700000
2023-02-08,801210.SI,10705.70,10726.94,10627.85,10630.99,883010000,8420460000
2023-02-09,801210.SI,10611.97,10850.92,10598.16,10850.92,1042210000,9943910000
2023-02-10,801210.SI,10856.52,11043.88,10856.52,11023.84,1495090000,14801970000
2023-02-13,801210.SI,11032.45,11293.23,11025.33,11287.95,1578720000,16404920000
2023-02-14,801210.SI,11294.46,11294.46,11115.82,11163.03,1196570000,12099400000
2023-02-15,801210.SI,11178.36,11178.36,11057.34,11115.51,924940000,9109060000
2023-02-16,801210.SI,11110.27,11246.92,10932.29,11007.42,1451590000,14157430000
2023-02-17,801210.SI,10971.72,11071.03,10885.37,10903.85,1115690000,10533070000
2023-02-20,801210.SI,10878.01,11025.48,10870.86,11020.92,967890000,9672570000
2023-02-21,801210.SI,11028.12,11056.22,10951.07,11033.35,802000000,8176950000
2023-02-22,801210.SI,10987.99,11015.83,10933.58,10997.67,841130000,8469320000
2023-02-23,801210.SI,10992.59,11086.87,10944.67,10975.89,923270000,8834180000
2023-02-24,801210.SI,10980.00,10980.00,10863.87,10936.52,739500000,6982060000
2023-02-27,801210.SI,10900.54,11010.28,10866.24,10931.27,821750000,8818130000
2023-02-28,801210.SI,10934.64,11053.26,10934.56,11053.26,952500000,9740470000
2023-03-01,801210.SI,11049.04,11098.75,11004.34,11097.50,889480000,9217940000
2023-03-02,801210.SI,11089.89,11187.04,11079.43,11140.66,1009540000,11153370000
2023-03-03,801210.SI,11135.64,11229.82,11106.67,11200.37,1256270000,12999640000
2023-03-06,801210.SI,11184.31,11328.84,11166.02,11320.91,1641080000,17301730000
2023-03-07,801210.SI,11272.16,11272.26,11111.91,11111.93,1181770000,13097180000
2023-03-08,801210.SI,11109.71,11157.74,11055.75,11114.77,803620000,9109740000
2023-03-09,801210.SI,11126.13,11126.34,10985.19,11003.33,812480000,8805050000
2023-03-10,801210.SI,10944.99,10989.78,10835.44,10844.91,809110000,8610110000
2023-03-13,801210.SI,10814.18,10916.94,10778.26,10916.94,846360000,9001480000
2023-03-14,801210.SI,10903.06,10903.06,10665.35,10717.43,945120000,9182140000
2023-03-15,801210.SI,10752.91,10778.72,10621.57,10632.92,729030000,7673750000
2023-03-16,801210.SI,10573.49,10589.81,10451.51,10472.26,842220000,7662640000
2023-03-17,801210.SI,10520.61,10596.71,10500.75,10521.66,800800000,8418350000
2023-03-20,801210.SI,10531.13,10545.22,10451.59,10471.73,959830000,10475910000
2023-03-21,801210.SI,10473.02,10754.69,10473.02,10749.95,1030770000,11213240000
2023-03-22,801210.SI,10774.20,10806.58,10712.00,10748.37,888320000,9918880000
2023-03-23,801210.SI,10720.18,10723.94,10634.90,10695.82,810130000,8952670000
2023-03-24,801210.SI,10688.16,10783.12,10683.47,10718.55,1023890000,10770070000
2023-03-27,801210.SI,10724.44,10829.09,10715.89,10823.89,1102520000,12544570000
2023-03-28,801210.SI,10805.70,10853.48,10746.10,10754.13,965960000,11361540000
2023-03-29,801210.SI,10770.11,10907.26,10749.27,10826.09,964180000,11627920000
2023-03-30,801210.SI,10792.86,10976.68,10777.11,10976.68,1060590000,13400500000
2023-03-31,801210.SI,10929.84,11025.73,10917.68,11015.65,1155540000,13133520000
2023-04-03,801210.SI,11007.88,11157.68,11007.88,11107.01,1118400000,13451870000
2023-04-04,801210.SI,11113.45,11191.44,10965.02,11016.18,1159550000,13966050000
2023-04-06,801210.SI,10988.74,11005.18,10894.07,10953.50,907350000,10698850000
2023-04-07,801210.SI,10962.65,11150.32,10943.43,11074.09,1026920000,12156820000
2023-04-10,801210.SI,11088.89,11113.37,11029.78,11054.51,1245600000,15103760000
2023-04-11,801210.SI,11086.53,11229.61,11059.69,11105.38,1295680000,15994210000
2023-04-12,801210.SI,11107.66,11163.66,10953.74,10999.82,1248770000,16144120000
2023-04-13,801210.SI,11004.72,11291.35,10982.01,11291.35,1846840000,22293630000
2023-04-14,801210.SI,11252.45,11252.45,11005.39,11044.47,1583120000,20895820000
2023-04-17,801210.SI,11023.22,11124.25,10999.37,11009.07,1144270000,14960450000
2023-04-18,801210.SI,10992.17,10992.17,10816.81,10829.92,1037050000,13327740000
2023-04-19,801210.SI,10817.61,10920.67,10775.56,10920.67,1217800000,16120440000
2023-04-20,801210.SI,10827.00,10827.00,10722.83,10747.52,1194860000,15330080000
2023-04-21,801210.SI,10732.88,10794.58,10409.25,10409.44,1192790000,15094080000
2023-04-24,801210.SI,10362.80,10362.80,10140.20,10270.91,1238430000,14360790000
2023-04-25,801210.SI,10263.40,10317.39,9981.40,10109.48,1488160000,14632240000
2023-04-26,801210.SI,10123.06,10339.76,10123.06,10215.31,1207520000,13125120000
2023-04-27,801210.SI,10177.21,10332.86,10159.52,10246.48,1276710000,12635090000
2023-04-28,801210.SI,10225.15,10421.33,10190.11,10421.33,1407310000,14209130000
2023-05-04,801210.SI,10344.60,10393.60,10068.36,10223.67,1738350000,16854160000
2023-05-05,801210.SI,10216.13,10326.44,10155.08,10246.39,1619490000,15365540000
2023-05-08,801210.SI,10319.27,10349.81,10119.25,10192.38,1653760000,15972950000
2023-05-09,801210.SI,10179.88,10197.40,10016.80,10021.33,1458500000,14248740000
2023-05-10,801210.SI,9984.14,10098.25,9963.78,10067.76,1270790000,13726630000
2023-05-11,801210.SI,10084.52,10249.31,10083.72,10177.05,1643700000,15325540000
2023-05-12,801210.SI,10123.23,10123.25,10006.31,10057.74,1822270000,18128450000
2023-05-15,801210.SI,10048.54,10188.16,10010.03,10183.17,1608540000,17202520000
2023-05-16,801210.SI,10125.45,10125.45,9920.85,9943.06,1407420000,13965760000
2023-05-17,801210.SI,9873.16,9966.99,9857.89,9932.53,899670000,9176560000
2023-05-18,801210.SI,9928.46,9956.13,9876.89,9929.20,944790000,9769100000
2023-05-19,801210.SI,9909.26,9980.68,9812.48,9946.60,848720000,9052320000
2023-05-22,801210.SI,9922.07,10023.13,9849.64,10020.47,844770000,9208080000
2023-05-23,801210.SI,10007.48,10034.97,9914.37,9914.37,773480000,8385970000
2023-05-24,801210.SI,9882.41,9899.34,9799.63,9800.76,740030000,7391820000
2023-05-25,801210.SI,9763.43,9808.89,9582.94,9703.67,831800000,7980670000
2023-05-26,801210.SI,9698.57,9878.31,9693.83,9865.08,1082710000,9779950000
2023-05-29,801210.SI,9858.31,9887.00,9778.17,9829.56,1160350000,10636260000
2023-05-30,801210.SI,9814.36,9878.59,9731.29,9878.59,957920000,9789610000
2023-05-31,801210.SI,9839.34,10007.76,9839.34,9996.07,1096530000,12503300000
2023-06-01,801210.SI,9991.56,10218.29,9991.56,10134.57,1286890000,14366820000
2023-06-02,801210.SI,10130.92,10162.09,10069.59,10075.57,1136720000,12906160000
2023-06-05,801210.SI,10077.70,10275.89,10077.66,10253.95,1199200000,13380280000
2023-06-06,801210.SI,10245.63,10262.50,10057.33,10088.26,1252220000,13216450000
2023-06-07,801210.SI,10068.92,10313.09,10050.03,10287.85,1335470000,14961270000
2023-06-08,801210.SI,10283.93,10285.18,10159.67,10236.38,1356640000,14646590000
2023-06-09,801210.SI,10206.93,10267.96,10173.60,10248.06,1160300000,12841710000
2023-06-12,801210.SI,10236.65,10399.90,10197.23,10328.37,1681830000,15109700000
2023-06-13,801210.SI,10296.59,10395.50,10296.59,10370.29,1387730000,13497530000
2023-06-14,801210.SI,10371.17,10504.24,10371.17,10445.82,1411240000,15104280000
2023-06-15,801210.SI,10427.46,10537.30,10392.63,10534.27,1267300000,14302290000
2023-06-16,801210.SI,10506.72,10558.45,10470.31,10540.39,1000870000,11278090000
2023-06-19,801210.SI,10526.71,10586.24,10454.83,10466.57,884830000,10712200000
2023-06-20,801210.SI,10442.11,10442.11,10315.35,10317.22,886170000,10582200000
2023-06-21,801210.SI,10301.70,10339.07,10086.57,10086.57,898610000,9968040000
2023-06-26,801210.SI,10014.92,10056.02,9833.60,9846.64,815260000,8896550000
2023-06-27,801210.SI,9861.52,10101.92,9861.25,10088.05,874730000,9898280000
2023-06-28,801210.SI,10062.04,10062.15,9827.21,9954.33,790050000,9131290000
2023-06-29,801210.SI,9954.95,9975.01,9884.33,9891.21,711150000,7540070000
2023-06-30,801210.SI,9880.60,9999.46,9878.44,9955.16,672000000,7578790000
2023-07-03,801210.SI,9965.23,10203.67,9965.23,10181.82,1023720000,11718700000
2023-07-04,801210.SI,10158.07,10213.86,10129.60,10186.25,796110000,8840530000
2023-07-05,801210.SI,10180.51,10180.51,10029.76,10049.66,682590000,7338000000
2023-07-06,801210.SI,10030.12,10123.34,9981.36,10003.06,648710000,7113150000
2023-07-07,801210.SI,9992.96,10028.40,9918.70,9967.08,669950000,7364940000
2023-07-10,801210.SI,10003.40,10079.12,9983.83,10064.54,802880000,8373160000
2023-07-11,801210.SI,10050.73,10058.90,9994.90,10058.90,658790000,6702640000
2023-07-12,801210.SI,10068.65,10113.71,10013.97,10030.17,946320000,8862350000
2023-07-13,801210.SI,10055.71,10131.78,9997.49,10126.04,1012450000,9367010000
2023-07-14,801210.SI,10114.53,10114.53,10018.81,10021.14,1120260000,10341060000
2023-07-17,801210.SI,9994.75,9995.26,9898.14,9955.71,791950000,7869480000
2023-07-18,801210.SI,9949.53,9949.53,9871.26,9876.80,604460000,6275460000
2023-07-19,801210.SI,9866.50,9947.38,9834.86,9892.15,536120000,5942260000
2023-07-20,801210.SI,9924.39,10025.19,9891.83,9939.84,859980000,9735300000
2023-07-21,801210.SI,9889.85,10049.99,9875.61,9949.27,839970000,9830100000
2023-07-24,801210.SI,9928.00,9992.28,9869.67,9919.34,650930000,7526540000
2023-07-25,801210.SI,10012.98,10117.66,10012.98,10092.52,833920000,9649780000
2023-07-26,801210.SI,10096.50,10110.16,10019.59,10062.66,752450000,9022780000
2023-07-27,801210.SI,10040.45,10156.63,10009.97,10026.83,866350000,9644200000
2023-07-28,801210.SI,9986.33,10089.26,9915.55,10075.78,773750000,8705450000
2023-07-31,801210.SI,10123.23,10277.92,10123.23,10246.31,1165190000,14050820000
2023-08-01,801210.SI,10253.58,10269.11,10152.71,10164.41,1067680000,12594980000
2023-08-02,801210.SI,10135.95,10137.01,10040.11,10065.25,778310000,9051150000
2023-08-03,801210.SI,10039.31,10065.51,10002.82,10062.85,616590000,7543520000
2023-08-04,801210.SI,10092.12,10164.57,10068.45,10100.27,699270000,8428270000
2023-08-07,801210.SI,10081.32,10114.74,10059.19,10104.18,557370000,6892550000
2023-08-08,801210.SI,10096.68,10152.89,10052.67,10122.82,581510000,7172180000
2023-08-09,801210.SI,10087.69,10088.25,9949.74,9969.47,567950000,6725590000
2023-08-10,801210.SI,9955.78,10013.50,9945.42,10013.50,546890000,6438290000
2023-08-11,801210.SI,10012.52,10085.93,9875.20,9875.20,776960000,8676710000
2023-08-14,801210.SI,9793.55,10012.06,9784.75,10012.06,900890000,10154030000
2023-08-15,801210.SI,9981.97,9981.97,9757.69,9815.48,743360000,8286820000
2023-08-16,801210.SI,9808.59,9808.59,9698.53,9698.53,630370000,6720360000
2023-08-17,801210.SI,9660.31,9778.47,9564.66,9774.24,568730000,6195090000
2023-08-18,801210.SI,9763.50,9799.95,9588.95,9588.95,617380000,6800840000
2023-08-21,801210.SI,9583.50,9656.13,9525.69,9525.69,528470000,5945230000
2023-08-22,801210.SI,9569.37,9586.26,9363.79,9559.95,691460000,7364100000
2023-08-23,801210.SI,9532.63,9583.37,9450.70,9482.35,669160000,7370030000
2023-08-24,801210.SI,9470.40,9589.81,9432.86,9528.20,613860000,8327550000
2023-08-25,801210.SI,9505.42,9522.45,9319.36,9355.62,674130000,9184910000
2023-08-28,801210.SI,9782.30,9782.30,9381.81,9411.59,912650000,11498660000
2023-08-29,801210.SI,9368.96,9648.13,9361.17,9635.27,868340000,11458780000
2023-08-30,801210.SI,9621.03,9656.51,9551.63,9616.75,787880000,10594230000
2023-08-31,801210.SI,9582.03,9582.03,9446.86,9499.04,697720000,9669230000
2023-09-01,801210.SI,9502.83,9567.19,9502.49,9532.59,778480000,10241800000
2023-09-04,801210.SI,9542.39,9694.65,9542.39,9694.65,828090000,10125830000
2023-09-05,801210.SI,9664.74,9696.02,9613.43,9642.10,676250000,8155510000
2023-09-06,801210.SI,9601.78,9602.03,9539.32,9584.58,561240000,6561200000
2023-09-07,801210.SI,9596.92,9700.41,9576.86,9580.85,994230000,11146280000
2023-09-08,801210.SI,9518.40,9584.93,9444.67,9557.45,767480000,8797690000
2023-09-11,801210.SI,9554.80,9657.68,9511.57,9646.06,863500000,10370810000
2023-09-12,801210.SI,9615.12,9626.27,9562.71,9579.00,632630000,7337070000
2023-09-13,801210.SI,9551.15,9566.19,9420.83,9482.19,661860000,7953250000
2023-09-14,801210.SI,9491.90,9497.50,9329.24,9382.85,613670000,7331180000
2023-09-15,801210.SI,9398.95,9491.22,9393.19,9431.83,726320000,8911400000
2023-09-18,801210.SI,9431.45,9577.96,9431.45,9577.96,964150000,12014970000
2023-09-19,801210.SI,9539.81,9539.81,9338.01,9365.95,841340000,9657090000
2023-09-20,801210.SI,9320.56,9320.56,9155.52,9155.52,758170000,8250230000
2023-09-21,801210.SI,9141.37,9172.45,9033.72,9042.61,600120000,6226180000
2023-09-22,801210.SI,9026.31,9166.96,8984.70,9166.10,641010000,6899480000
2023-09-25,801210.SI,9151.24,9151.24,9024.49,9047.08,586200000,6548160000
2023-09-26,801210.SI,9034.28,9116.57,9018.32,9047.92,546770000,5969470000
2023-09-27,801210.SI,9048.80,9123.32,9031.21,9061.76,596360000,6035750000
2023-09-28,801210.SI,9083.61,9165.64,9083.61,9146.82,660640000,6865190000
2023-10-09,801210.SI,9098.63,9098.63,8809.52,8823.55,837020000,8901930000
2023-10-10,801210.SI,8847.77,8898.48,8772.22,8789.60,601640000,6541920000
2023-10-11,801210.SI,8796.24,8850.63,8738.10,8794.64,752060000,7258550000
2023-10-12,801210.SI,8853.33,8881.80,8833.23,8869.89,969190000,7936290000
2023-10-13,801210.SI,8787.39,8787.60,8619.69,8668.63,837990000,7818160000
2023-10-16,801210.SI,8648.65,8648.65,8509.58,8544.94,681310000,6108910000
2023-10-17,801210.SI,8564.32,8579.51,8481.09,8536.79,560070000,5294250000
2023-10-18,801210.SI,8512.60,8512.92,8322.44,8330.84,577190000,5256600000
2023-10-19,801210.SI,8290.11,8421.62,8285.33,8299.57,522030000,4747750000
2023-10-20,801210.SI,8270.69,8324.05,8207.08,8213.11,479740000,4301880000
2023-10-23,801210.SI,8204.58,8204.58,7962.82,7990.24,572040000,4964050000
2023-10-24,801210.SI,8007.45,8158.72,7994.85,8122.73,606630000,5574800000
2023-10-25,801210.SI,8177.14,8303.22,8177.14,8264.14,705460000,7120570000
2023-10-26,801210.SI,8210.42,8241.14,8157.13,8235.88,650890000,6626610000
2023-10-27,801210.SI,8210.21,8391.73,8207.57,8369.80,649850000,6486970000
2023-10-30,801210.SI,8336.97,8456.22,8336.97,8441.55,689430000,6880520000
2023-10-31,801210.SI,8433.38,8459.34,8355.79,8403.72,597740000,6065200000
2023-11-01,801210.SI,8406.97,8458.39,8378.03,8409.76,502610000,5048850000
2023-11-02,801210.SI,8408.79,8449.81,8346.72,8346.72,546210000,5432690000
2023-11-03,801210.SI,8344.73,8434.61,8344.65,8420.68,514270000,5077370000
2023-11-06,801210.SI,8466.67,8581.94,8463.84,8580.69,788590000,7643480000
2023-11-07,801210.SI,8585.45,8585.45,8478.01,8553.68,795380000,7280730000
2023-11-08,801210.SI,8548.95,8614.57,8531.97,8591.69,741850000,7036370000
2023-11-09,801210.SI,8592.92,8628.34,8570.15,8591.34,710170000,7631330000
2023-11-10,801210.SI,8566.97,8566.97,8501.57,8539.06,559520000,5668440000
2023-11-13,801210.SI,8591.45,8681.26,8591.45,8659.91,765040000,7079080000
2023-11-14,801210.SI,8659.91,8716.19,8647.04,8706.88,670070000,6570080000
2023-11-15,801210.SI,8764.06,8783.88,8714.63,8740.29,642690000,6550680000
2023-11-16,801210.SI,8743.37,8787.35,8714.51,8732.56,865360000,9495670000
2023-11-17,801210.SI,8704.93,8734.63,8648.49,8722.67,744450000,7277180000
2023-11-20,801210.SI,8728.38,8860.86,8690.80,8849.64,911000000,9344720000
2023-11-21,801210.SI,8861.11,8912.24,8829.05,8852.06,857280000,10355670000
2023-11-22,801210.SI,8823.41,8895.13,8792.87,8792.87,843570000,10023760000
2023-11-23,801210.SI,8769.21,8822.22,8680.50,8814.40,708990000,8125560000
2023-11-24,801210.SI,8805.54,8811.61,8711.93,8732.14,688050000,7750760000
2023-11-27,801210.SI,8756.81,8771.16,8709.27,8750.67,704910000,8582850000
2023-11-28,801210.SI,8723.01,8801.41,8659.24,8801.41,614370000,7216570000
2023-11-29,801210.SI,8781.93,8858.33,8770.80,8786.37,918500000,8510250000
2023-11-30,801210.SI,8764.03,8889.24,8760.86,8876.40,973140000,10403460000
2023-12-01,801210.SI,8878.63,9016.12,8878.63,8992.77,1141210000,11815450000
2023-12-04,801210.SI,9005.35,9065.28,8992.25,9028.51,1115350000,11929060000
2023-12-05,801210.SI,8991.03,9015.39,8834.68,8834.68,1020730000,10694360000
2023-12-06,801210.SI,8793.71,8897.25,8747.24,8871.71,1000740000,10395390000
2023-12-07,801210.SI,8854.30,8877.06,8784.81,8849.00,964340000,10239710000
2023-12-08,801210.SI,8823.94,8823.94,8713.62,8722.23,1006360000,11225700000
2023-12-11,801210.SI,8659.49,8801.80,8626.48,8792.06,945270000,10356320000
2023-12-12,801210.SI,8786.41,8937.91,8786.21,8934.74,1102650000,12207850000
2023-12-13,801210.SI,8934.34,8957.11,8814.36,8822.13,1166110000,12648040000
2023-12-14,801210.SI,8831.65,8929.09,8808.01,8808.97,1095320000,11514200000
2023-12-15,801210.SI,8832.21,8846.27,8734.74,8761.94,1008580000,11082900000
2023-12-18,801210.SI,8734.94,8734.94,8539.82,8554.30,959510000,10458970000
2023-12-19,801210.SI,8551.80,8675.14,8551.00,8633.52,921540000,10249420000
2023-12-20,801210.SI,8643.82,8646.63,8405.20,8407.10,980770000,10138210000
2023-12-21,801210.SI,8352.46,8503.89,8341.23,8481.01,852510000,8355530000
2023-12-22,801210.SI,8471.77,8473.89,8267.85,8289.47,1075440000,9833270000
2023-12-25,801210.SI,8273.15,8281.35,8200.44,8220.95,816330000,6949990000
2023-12-26,801210.SI,8215.16,8216.74,8067.88,8082.06,659070000,5945960000
2023-12-27,801210.SI,8080.05,8115.35,8031.10,8109.10,570040000,5685740000
2023-12-28,801210.SI,8086.65,8323.25,8042.91,8299.59,914160000,8353200000
2023-12-29,801210.SI,8313.20,8423.92,8311.38,8418.43,863120000,8884910000
2024-01-02,801210.SI,8435.92,8482.97,8400.25,8421.68,1004360000,9158500000
2024-01-03,801210.SI,8401.16,8494.40,8391.63,8477.67,1044320000,10077220000
2024-01-04,801210.SI,8470.09,8501.84,8423.51,8477.72,970270000,10246160000
2024-01-05,801210.SI,8468.80,8528.59,8292.13,8322.47,884000000,9266240000
2024-01-08,801210.SI,8312.81,8342.66,8198.37,8198.48,816850000,8672260000
2024-01-09,801210.SI,8198.44,8415.28,8198.44,8342.01,1005530000,10326300000
2024-01-10,801210.SI,8325.23,8325.49,8183.08,8269.57,1074340000,12113510000
2024-01-11,801210.SI,8267.32,8376.63,8267.32,8346.05,1042860000,11781650000
2024-01-12,801210.SI,8315.76,8336.18,8224.77,8224.77,1016170000,10904850000
2024-01-15,801210.SI,8193.75,8359.16,8187.18,8322.57,1076740000,12555760000
2024-01-16,801210.SI,8336.65,8394.15,8278.66,8341.28,1314030000,16422270000
2024-01-17,801210.SI,8338.93,8346.97,8075.85,8077.61,1178700000,14010620000
2024-01-18,801210.SI,7977.33,7977.63,7714.56,7936.49,1180680000,13024160000
2024-01-19,801210.SI,7927.08,8072.06,7900.86,7978.48,1087280000,12004480000
2024-01-22,801210.SI,7953.80,7953.91,7503.46,7550.55,1177350000,12355180000
2024-01-23,801210.SI,7528.04,7621.08,7403.38,7594.30,1034170000,9667520000
2024-01-24,801210.SI,7629.84,7787.98,7534.70,7784.72,1049660000,10696700000
2024-01-25,801210.SI,7772.24,8121.47,7747.54,8121.47,1247330000,13019220000
2024-01-26,801210.SI,8101.27,8180.28,8038.26,8054.12,1052360000,11891100000
2024-01-29,801210.SI,8061.11,8071.57,7799.97,7799.97,1066600000,11362220000
2024-01-30,801210.SI,7739.50,7767.70,7535.18,7545.86,916100000,9325000000
2024-01-31,801210.SI,7434.46,7451.31,7174.81,7182.64,1300740000,11629770000
2024-02-01,801210.SI,7125.47,7149.85,6904.96,6984.64,1129380000,9610320000
2024-02-02,801210.SI,6995.78,7150.23,6635.11,6839.51,1242610000,10479370000
2024-02-05,801210.SI,6747.31,6747.31,6257.02,6384.03,1312700000,10268490000
2024-02-06,801210.SI,6193.83,6713.49,6077.13,6597.20,1554460000,10915670000
2024-02-07,801210.SI,6598.45,6789.40,6555.01,6663.60,1506380000,11106580000
2024-02-08,801210.SI,6664.97,7004.67,6664.97,6983.09,1565110000,11108250000
2024-02-19,801210.SI,7163.27,7284.86,7142.11,7225.72,1437260000,11307150000
2024-02-20,801210.SI,7213.13,7285.49,7162.57,7266.00,1317610000,9941810000
2024-02-21,801210.SI,7204.20,7509.16,7190.46,7410.52,1542050000,11815690000
2024-02-22,801210.SI,7373.18,7490.44,7362.75,7473.00,1357180000,11037430000
2024-02-23,801210.SI,7463.46,7561.42,7397.36,7561.42,1324980000,10914270000
2024-02-26,801210.SI,7548.10,7690.46,7471.24,7597.01,1427410000,10998090000
2024-02-27,801210.SI,7565.80,7744.53,7553.01,7744.53,1263220000,10796910000
2024-02-28,801210.SI,7754.49,7941.54,7427.71,7430.66,1949450000,15913520000
2024-02-29,801210.SI,7347.35,7643.11,7347.35,7642.62,1354850000,10818270000
2024-03-01,801210.SI,7656.16,7671.74,7553.31,7663.01,1108940000,9684680000
2024-03-04,801210.SI,7657.49,7691.27,7511.53,7655.42,1115990000,9463830000
2024-03-05,801210.SI,7608.36,7630.59,7528.28,7553.45,1301070000,10678850000
2024-03-06,801210.SI,7514.76,7599.19,7471.74,7570.22,1093220000,9372050000
2024-03-07,801210.SI,7567.86,7629.40,7504.46,7562.77,1466910000,12238910000
2024-03-08,801210.SI,7538.26,7538.26,7410.61,7495.89,1205730000,9769160000
2024-03-11,801210.SI,7478.01,7638.80,7476.45,7638.80,1215720000,9460620000
2024-03-12,801210.SI,7650.81,7812.84,7617.01,7812.84,1407270000,12074170000
2024-03-13,801210.SI,7807.89,7888.59,7741.35,7831.72,1262210000,11094510000
2024-03-14,801210.SI,7807.42,7890.27,7756.67,7828.72,1231630000,10932820000
2024-03-15,801210.SI,7796.61,7854.53,7757.40,7847.12,969830000,8879560000
2024-03-18,801210.SI,7853.50,8012.35,7853.23,8012.35,1514700000,11763960000
2024-03-19,801210.SI,8011.93,8033.45,7936.20,7936.56,1357290000,10379450000
2024-03-20,801210.SI,7940.21,8081.06,7940.21,8081.06,1504400000,12056440000
2024-03-21,801210.SI,8099.70,8182.52,8069.27,8151.66,1629310000,14483500000
2024-03-22,801210.SI,8125.65,8141.88,7972.47,8023.00,1626440000,13880350000
2024-03-25,801210.SI,7991.93,7991.93,7808.95,7812.87,1502450000,13115650000
2024-03-26,801210.SI,7770.14,7820.98,7699.28,7801.65,1163590000,10583350000
2024-03-27,801210.SI,7777.40,7796.71,7538.97,7538.97,1214850000,10644670000
2024-03-28,801210.SI,7517.09,7784.55,7517.09,7721.86,1158450000,10350860000
2024-03-29,801210.SI,7714.57,7801.90,7671.66,7801.90,1244230000,12287260000
2024-04-01,801210.SI,7801.42,8006.18,7801.42,8006.18,1244160000,13136820000
2024-04-02,801210.SI,8011.74,8049.90,7932.82,7970.55,1363230000,13173740000
2024-04-03,801210.SI,7927.74,7939.32,7856.72,7914.57,1108800000,10724040000
2024-04-08,801210.SI,7924.22,7928.11,7732.66,7733.44,1326710000,12343110000
2024-04-09,801210.SI,7695.01,7889.78,7678.88,7851.14,1212090000,12523490000
2024-04-10,801210.SI,7801.42,7841.63,7684.80,7781.67,1351920000,14032900000
2024-04-11,801210.SI,7708.24,7933.08,7698.43,7920.78,1384990000,14583000000
2024-04-12,801210.SI,7863.93,7934.82,7817.24,7856.28,1551370000,16058470000
2024-04-15,801210.SI,7791.05,7815.83,7517.28,7621.84,1841300000,17499720000
2024-04-16,801210.SI,7493.80,7523.90,7117.57,7118.26,1550190000,14278020000
2024-04-17,801210.SI,7128.54,7459.59,7127.77,7456.44,1480490000,13699930000
2024-04-18,801210.SI,7424.57,7578.89,7388.74,7501.87,1444940000,13961580000
2024-04-19,801210.SI,7415.84,7466.77,7320.76,7377.82,1400990000,13139620000
2024-04-22,801210.SI,7338.04,7472.64,7200.76,7446.19,1374670000,13416880000
2024-04-23,801210.SI,7400.83,7526.52,7400.74,7435.78,1297810000,11473030000
2024-04-24,801210.SI,7412.23,7541.99,7412.23,7541.99,1246410000,11197820000
2024-04-25,801210.SI,7499.76,7552.91,7482.03,7513.87,1182820000,11537000000
2024-04-26,801210.SI,7511.32,7616.97,7504.26,7585.19,1343230000,13249560000
2024-04-29,801210.SI,7567.13,7790.32,7566.02,7772.46,1493820000,14126150000
2024-04-30,801210.SI,7750.71,7768.06,7559.16,7622.54,1352080000,12021460000
2024-05-06,801210.SI,7658.47,7681.39,7626.15,7673.41,1179030000,11204540000
2024-05-07,801210.SI,7658.90,7708.00,7640.75,7706.21,1035450000,9609640000
2024-05-08,801210.SI,7678.42,7678.42,7568.18,7575.75,939150000,8667290000
2024-05-09,801210.SI,7564.39,7667.11,7564.16,7639.28,799480000,7324250000
2024-05-10,801210.SI,7642.57,7684.90,7591.90,7621.83,1176040000,10986060000
2024-05-13,801210.SI,7574.57,7574.57,7473.92,7501.99,1025230000,9296020000
2024-05-14,801210.SI,7508.08,7609.18,7508.08,7587.45,908240000,7928820000
2024-05-15,801210.SI,7565.12,7590.54,7500.67,7509.24,803180000,7269200000
2024-05-16,801210.SI,7511.55,7621.24,7511.21,7562.25,1056530000,8913240000
2024-05-17,801210.SI,7569.23,7638.39,7519.36,7638.39,907350000,8233300000
2024-05-20,801210.SI,7731.88,7803.51,7706.80,7744.81,1367360000,13779540000
2024-05-21,801210.SI,7682.83,7737.10,7641.41,7662.22,996900000,10171620000
2024-05-22,801210.SI,7636.66,7705.96,7624.27,7646.93,1017550000,9688960000
2024-05-23,801210.SI,7616.80,7616.80,7404.40,7406.04,1042560000,8965940000
2024-05-24,801210.SI,7382.80,7434.06,7332.83,7334.53,772380000,6538340000
2024-05-27,801210.SI,7365.62,7370.37,7254.66,7370.37,806650000,6578600000
2024-05-28,801210.SI,7339.64,7369.57,7294.38,7301.49,725840000,6287130000
2024-05-29,801210.SI,7282.91,7351.55,7282.66,7341.74,834760000,7439500000
2024-05-30,801210.SI,7293.55,7310.04,7253.06,7259.39,775320000,6197950000
2024-05-31,801210.SI,7257.45,7356.34,7257.45,7316.14,846110000,6220960000
2024-06-03,801210.SI,7302.44,7302.63,7102.24,7175.14,962450000,7124280000
2024-06-04,801210.SI,7126.07,7149.96,7042.35,7149.68,704520000,7086160000
2024-06-05,801210.SI,7093.10,7154.57,7038.41,7038.41,1451600000,8032920000
2024-06-06,801210.SI,7010.22,7041.51,6761.78,6807.44,1629050000,9422480000
2024-06-07,801210.SI,6847.10,6926.51,6814.19,6902.73,1146510000,6699900000
2024-06-11,801210.SI,6857.32,6903.31,6769.32,6903.31,1234920000,6413020000
2024-06-12,801210.SI,6882.35,6963.24,6875.62,6949.48,1131010000,6445990000
2024-06-13,801210.SI,6941.33,6946.70,6856.12,6866.29,888710000,5770120000
2024-06-14,801210.SI,6865.89,6912.08,6836.30,6891.75,930360000,6823710000
2024-06-17,801210.SI,6849.21,6890.14,6827.21,6848.23,755780000,5189350000
2024-06-18,801210.SI,6848.85,6878.39,6848.85,6878.03,740370000,5181960000
2024-06-19,801210.SI,6875.16,6875.16,6778.30,6778.98,670140000,5370550000
2024-06-20,801210.SI,6772.47,6772.47,6627.80,6657.76,975110000,6949070000
2024-06-21,801210.SI,6623.48,6667.32,6574.08,6593.62,725130000,5021490000
2024-06-24,801210.SI,6533.56,6553.66,6348.22,6349.88,770350000,5570470000
2024-06-25,801210.SI,6359.67,6470.97,6359.67,6427.41,806350000,5798480000
2024-06-26,801210.SI,6390.05,6524.79,6338.26,6523.86,1060880000,6331410000
2024-06-27,801210.SI,6486.04,6513.92,6418.51,6418.51,850210000,5835110000
2024-06-28,801210.SI,6384.19,6475.87,6382.27,6393.77,799830000,5989700000
2024-07-01,801210.SI,6398.73,6457.88,6370.24,6452.65,775800000,5870620000
2024-07-02,801210.SI,6439.68,6503.89,6422.70,6450.13,962080000,6613200000
2024-07-03,801210.SI,6447.77,6546.15,6434.19,6492.84,1144180000,7717940000
2024-07-04,801210.SI,6478.15,6478.15,6283.94,6294.59,943030000,6668200000
2024-07-05,801210.SI,6314.52,6413.95,6256.49,6387.01,757270000,5512530000
2024-07-08,801210.SI,6377.72,6392.82,6226.95,6243.98,773870000,5842860000
2024-07-09,801210.SI,6227.91,6319.08,6127.12,6315.71,969680000,6602710000
2024-07-10,801210.SI,6275.78,6325.05,6246.14,6276.47,833670000,6053100000
2024-07-11,801210.SI,6359.19,6453.87,6327.38,6446.85,948960000,7388450000
2024-07-12,801210.SI,6429.77,6521.95,6408.67,6427.87,934620000,7338380000
2024-07-15,801210.SI,6396.08,6396.08,6296.60,6305.15,719090000,5612730000
2024-07-16,801210.SI,6300.17,6306.09,6232.62,6279.41,603690000,4509800000
2024-07-17,801210.SI,6285.59,6354.61,6248.73,6301.27,818370000,5143820000
2024-07-18,801210.SI,6247.43,6357.75,6166.38,6354.66,1236650000,6489740000
2024-07-19,801210.SI,6333.83,6379.72,6314.20,6327.23,1187070000,6045820000
2024-07-22,801210.SI,6307.31,6348.95,6269.54,6311.02,818650000,4686100000
2024-07-23,801210.SI,6301.83,6331.45,6182.17,6182.17,843600000,5066860000
2024-07-24,801210.SI,6175.79,6215.81,6056.59,6061.90,982940000,5625040000
2024-07-25,801210.SI,6021.41,6148.28,5999.79,6080.92,718240000,4215740000
2024-07-26,801210.SI,6082.20,6176.53,6082.20,6160.95,589460000,3770800000
2024-07-29,801210.SI,6158.90,6159.89,6091.15,6127.60,633630000,4047210000
2024-07-30,801210.SI,6114.96,6187.23,6091.33,6186.84,1026720000,4799470000
2024-07-31,801210.SI,6215.80,6497.83,6215.80,6491.56,1641870000,10135370000
2024-08-01,801210.SI,6467.18,6531.93,6429.31,6505.09,1442670000,8858790000
2024-08-02,801210.SI,6452.39,6588.42,6452.39,6499.37,1454990000,8171380000
2024-08-05,801210.SI,6601.82,6721.02,6542.79,6542.79,1486690000,11500580000
2024-08-06,801210.SI,6629.39,6793.73,6566.01,6790.65,2848310000,15339840000
2024-08-07,801210.SI,6791.18,6848.83,6725.99,6780.21,2769650000,15524010000
2024-08-08,801210.SI,6628.03,6727.11,6620.67,6666.06,2133890000,12164710000
2024-08-09,801210.SI,6669.58,6693.18,6539.45,6539.45,2140750000,10622050000
2024-08-12,801210.SI,6525.32,6533.45,6364.36,6392.41,1693320000,8215600000
2024-08-13,801210.SI,6382.96,6396.85,6316.69,6395.86,1213940000,5683300000
2024-08-14,801210.SI,6381.74,6389.56,6325.43,6325.43,964900000,4853140000
2024-08-15,801210.SI,6298.85,6417.86,6252.29,6393.78,1152150000,6544840000
2024-08-16,801210.SI,6384.42,6387.14,6332.88,6338.06,1269540000,6637440000
2024-08-19,801210.SI,6321.98,6403.40,6318.77,6381.99,1092100000,6404790000
2024-08-20,801210.SI,6360.19,6360.29,6233.74,6265.17,983040000,5540190000
2024-08-21,801210.SI,6250.02,6324.31,6248.31,6274.72,992310000,5526190000
2024-08-22,801210.SI,6266.07,6285.72,6116.19,6116.90,1009730000,5760590000
2024-08-23,801210.SI,6109.60,6169.18,6093.18,6156.27,914420000,5760370000
2024-08-26,801210.SI,6153.13,6182.51,6107.15,6163.53,934240000,5807350000
2024-08-27,801210.SI,6179.74,6190.90,6104.73,6136.16,957850000,6150940000
2024-08-28,801210.SI,6136.59,6188.53,6084.15,6136.09,1323720000,6973800000
2024-08-29,801210.SI,6105.90,6209.02,6047.43,6189.61,1589470000,7608270000
2024-08-30,801210.SI,6171.27,6402.27,6164.18,6306.49,1597660000,9542970000
2024-09-02,801210.SI,6307.78,6359.92,6219.12,6219.65,1370420000,8042000000
2024-09-03,801210.SI,6207.47,6302.47,6207.21,6302.41,1423160000,6565910000
2024-09-04,801210.SI,6255.88,6361.84,6255.88,6280.73,1285250000,6361700000
2024-09-05,801210.SI,6282.81,6370.78,6282.75,6336.77,1121510000,5932210000
2024-09-06,801210.SI,6337.08,6351.27,6242.39,6242.99,1094920000,6140760000
2024-09-09,801210.SI,6212.10,6312.60,6190.56,6262.42,1051130000,6829110000
2024-09-10,801210.SI,6261.13,6265.67,6092.45,6198.48,1228650000,7735320000
2024-09-11,801210.SI,6177.88,6179.05,6106.61,6135.10,895070000,5558870000
2024-09-12,801210.SI,6117.32,6175.85,6080.99,6080.99,790780000,4850710000
2024-09-13,801210.SI,6080.88,6083.12,6011.03,6011.23,833060000,4886010000
2024-09-18,801210.SI,6000.97,6000.97,5888.14,5985.50,812740000,5045830000
2024-09-19,801210.SI,6007.57,6190.93,6007.48,6148.99,1146800000,6535740000
2024-09-20,801210.SI,6143.06,6143.06,6085.36,6132.42,1260810000,5965410000
2024-09-23,801210.SI,6121.51,6207.79,6095.44,6141.99,1401220000,6314980000
2024-09-24,801210.SI,6163.28,6407.12,6163.28,6407.12,1875310000,10133630000
2024-09-25,801210.SI,6442.21,6610.32,6429.66,6483.97,2057090000,12159000000
2024-09-26,801210.SI,6530.10,6831.86,6525.98,6831.86,2298120000,14808510000
2024-09-27,801210.SI,6953.88,7256.12,6953.88,7190.76,2817650000,19649570000
2024-09-30,801210.SI,7487.90,8019.72,7368.39,8019.72,3740550000,30885160000
2024-10-08,801210.SI,8993.53,8993.53,7941.38,8410.71,4262290000,40487030000
2024-10-09,801210.SI,8108.13,8108.13,7595.49,7595.49,3359210000,26394830000
2024-10-10,801210.SI,7623.02,7828.60,7455.09,7669.30,2575690000,19916820000
2024-10-11,801210.SI,7582.54,7582.54,7239.58,7325.24,1891350000,14122990000
2024-10-14,801210.SI,7331.02,7519.06,7220.02,7519.06,1866930000,13016910000
2024-10-15,801210.SI,7478.10,7599.28,7383.79,7384.78,1845180000,12625310000
2024-10-16,801210.SI,7284.12,7521.43,7284.12,7413.46,1570740000,11240880000
2024-10-17,801210.SI,7435.47,7566.33,7432.92,7432.92,1978910000,14053700000
2024-10-18,801210.SI,7399.44,7796.01,7369.67,7654.62,2242670000,17300040000
2024-10-21,801210.SI,7672.54,8065.06,7672.54,7941.36,2663960000,23486730000
2024-10-22,801210.SI,7945.34,8065.34,7880.58,7990.76,2407250000,20045510000
2024-10-23,801210.SI,7973.70,8046.09,7902.06,7929.10,2092400000,17217380000
2024-10-24,801210.SI,7885.92,7941.42,7853.15,7888.67,1590860000,12654370000
2024-10-25,801210.SI,7884.82,8023.39,7879.13,7993.79,1947620000,16592410000
2024-10-28,801210.SI,8043.21,8221.06,8043.21,8221.06,2102460000,18458910000
2024-10-29,801210.SI,8345.54,8367.93,8154.41,8154.41,2390560000,21663150000
2024-10-30,801210.SI,8152.28,8246.38,8098.14,8168.88,2312060000,19358300000
2024-10-31,801210.SI,8211.57,8327.86,8114.38,8308.38,2687470000,23732400000
2024-11-01,801210.SI,8383.81,8452.60,8109.44,8205.49,3548880000,29684370000
2024-11-04,801210.SI,8154.02,8231.31,8032.38,8231.31,2298400000,19537010000
2024-11-05,801210.SI,8221.43,8484.63,8194.69,8444.36,2548000000,23652680000
2024-11-06,801210.SI,8433.72,8567.16,8367.61,8480.75,2786640000,25963820000
2024-11-07,801210.SI,8381.55,8735.72,8349.80,8732.08,2836010000,26184970000
2024-11-08,801210.SI,8813.44,8840.08,8649.98,8715.39,3070700000,27701540000
2024-11-11,801210.SI,8636.56,8850.33,8636.56,8850.33,2464500000,22056420000
2024-11-12,801210.SI,8853.63,8916.56,8686.79,8775.59,2509380000,22969150000
2024-11-13,801210.SI,8793.61,8793.61,8541.28,8716.47,2173760000,21018450000
2024-11-14,801210.SI,8656.80,8781.79,8513.56,8520.20,2032370000,18861390000
2024-11-15,801210.SI,8518.24,8741.79,8504.45,8505.21,2199990000,21554400000
2024-11-18,801210.SI,8478.96,8488.19,8086.56,8118.06,2299060000,20495670000
2024-11-19,801210.SI,8074.84,8227.59,7974.33,8227.59,1869770000,16226880000
2024-11-20,801210.SI,8179.30,8405.31,8165.76,8384.33,1820490000,16852890000
2024-11-21,801210.SI,8327.79,8387.42,8278.52,8351.27,1632140000,15177570000
2024-11-22,801210.SI,8317.89,8428.61,8054.81,8059.61,1949660000,17872570000
2024-11-25,801210.SI,8071.56,8258.31,8071.56,8257.10,2068850000,16811910000
2024-11-26,801210.SI,8194.73,8309.91,8153.47,8209.98,1818390000,15451510000
2024-11-27,801210.SI,8154.00,8359.52,8014.28,8359.52,1875980000,16915410000
2024-11-28,801210.SI,8339.08,8457.76,8314.33,8323.59,1823320000,16486480000
2024-11-29,801210.SI,8299.86,8463.89,8257.91,8423.14,1786230000,16240330000
2024-12-02,801210.SI,8415.95,8653.28,8415.95,8625.27,2415990000,20170220000
2024-12-03,801210.SI,8621.62,8673.00,8535.40,8600.88,2159260000,18751510000
2024-12-04,801210.SI,8533.63,8588.38,8402.23,8439.66,1840550000,16080400000
2024-12-05,801210.SI,8397.99,8649.38,8397.99,8649.38,2445030000,19496770000
2024-12-06,801210.SI,8704.06,8827.23,8676.10,8802.35,1978840000,20276190000
2024-12-09,801210.SI,8789.92,8874.20,8708.09,8745.27,3509940000,25023710000
2024-12-10,801210.SI,8980.76,9048.91,8836.53,8857.14,3596750000,30534150000
2024-12-11,801210.SI,8777.73,8977.19,8777.73,8977.19,2637830000,23267060000
2024-12-12,801210.SI,8955.28,9193.82,8933.17,9176.00,3190350000,28809080000
2024-12-13,801210.SI,9108.66,9323.82,9098.98,9162.52,3081980000,30713620000
2024-12-16,801210.SI,9289.99,9472.41,9289.57,9343.57,3348400000,35660150000
2024-12-17,801210.SI,9326.22,9326.22,8886.34,8900.60,3335710000,29732110000
2024-12-18,801210.SI,8807.75,8989.24,8794.76,8905.36,2786890000,25194370000
2024-12-19,801210.SI,8756.22,8861.24,8631.55,8826.14,2337310000,22327990000
2024-12-20,801210.SI,8787.43,8882.59,8723.36,8765.93,1984680000,19518720000
2024-12-23,801210.SI,8652.54,8653.66,8281.06,8283.81,1961790000,18002590000
2024-12-24,801210.SI,8242.76,8330.04,8189.23,8304.96,1734480000,14830250000
2024-12-25,801210.SI,8261.95,8261.95,8026.36,8135.46,1687370000,13958410000
2024-12-26,801210.SI,8132.24,8267.77,8132.24,8218.67,1357010000,11951030000
2024-12-27,801210.SI,8217.95,8382.55,8217.68,8289.54,1427230000,12950220000
2024-12-30,801210.SI,8256.82,8256.82,8104.59,8173.32,1283710000,11709450000
2024-12-31,801210.SI,8190.39,8218.73,7988.45,7988.45,1384780000,12595310000
2025-01-02,801210.SI,7997.95,8173.98,7894.05,7965.31,1627470000,15163760000
2025-01-03,801210.SI,7980.85,7980.98,7571.03,7576.25,1668480000,13570790000
2025-01-06,801210.SI,7515.18,7673.93,7380.66,7451.78,1274800000,10048810000
2025-01-07,801210.SI,7480.64,7600.41,7446.62,7597.48,1195240000,8873890000
2025-01-08,801210.SI,7565.76,7613.86,7360.80,7573.97,1315190000,10061670000
2025-01-09,801210.SI,7524.21,7630.50,7524.21,7565.59,1047140000,8264100000
2025-01-10,801210.SI,7550.00,7599.91,7320.11,7320.11,1049080000,8412570000
2025-01-13,801210.SI,7248.54,7379.47,7178.05,7355.43,854920000,6996770000
2025-01-14,801210.SI,7445.65,7669.55,7420.54,7668.62,1373330000,11216600000
2025-01-15,801210.SI,7661.71,7795.53,7661.71,7707.99,1385170000,11881880000
2025-01-16,801210.SI,7738.20,7882.52,7704.00,7777.43,1611430000,12883290000
2025-01-17,801210.SI,7754.98,7838.32,7715.50,7787.56,1385530000,10379690000
2025-01-20,801210.SI,7902.78,7943.37,7838.07,7885.05,1581690000,12515580000
2025-01-21,801210.SI,7868.52,7893.08,7714.81,7781.10,1199760000,9599590000
2025-01-22,801210.SI,7736.65,7736.90,7615.79,7639.62,925310000,7530370000
2025-01-23,801210.SI,7725.40,7822.72,7697.83,7708.25,1504470000,11981020000
2025-01-24,801210.SI,7698.49,7846.52,7691.07,7841.04,1422430000,12042030000
2025-01-27,801210.SI,7878.11,7905.85,7773.90,7773.90,1173540000,9850200000
2025-02-05,801210.SI,7835.37,7854.93,7755.79,7849.59,1517080000,13184400000
2025-02-06,801210.SI,7817.46,7979.72,7781.69,7979.72,1579270000,13607080000
2025-02-07,801210.SI,7957.26,8117.52,7915.83,8023.66,1811150000,16095250000
2025-02-10,801210.SI,8046.24,8258.57,8033.60,8253.72,2371600000,18942250000
2025-02-11,801210.SI,8238.01,8274.98,8105.52,8216.83,2131730000,18169640000
2025-02-12,801210.SI,8212.33,8320.40,8212.33,8298.88,1915580000,18009830000
2025-02-13,801210.SI,8282.03,8337.79,8223.32,8252.13,1766590000,16898890000
2025-02-14,801210.SI,8212.67,8258.41,8129.33,8228.07,1545710000,13851540000
2025-02-17,801210.SI,8248.32,8458.59,8248.32,8368.31,2391090000,20165880000
2025-02-18,801210.SI,8313.07,8313.07,8025.70,8045.81,2063510000,17228540000
2025-02-19,801210.SI,8042.23,8158.91,8042.16,8158.91,1419720000,12659930000
2025-02-20,801210.SI,8154.31,8252.35,8154.31,8242.36,1476340000,13299040000
2025-02-21,801210.SI,8231.96,8308.54,8136.24,8300.45,1685700000,15452360000
2025-02-24,801210.SI,8263.66,8312.80,8217.20,8282.77,1565190000,14494980000
2025-02-25,801210.SI,8189.84,8267.25,8146.55,8171.68,1249240000,11780290000
2025-02-26,801210.SI,8189.60,8248.99,8185.55,8245.76,1325620000,12067580000
2025-02-27,801210.SI,8251.85,8352.72,8190.45,8297.58,1719970000,15354200000
2025-02-28,801210.SI,8262.44,8275.84,8046.76,8066.28,1734540000,14438110000
2025-03-03,801210.SI,8092.11,8228.63,8039.81,8092.88,1382800000,12400870000
2025-03-04,801210.SI,8038.80,8174.38,8038.71,8171.65,1110860000,9940840000
2025-03-05,801210.SI,8164.96,8164.96,8080.26,8158.82,1127460000,9872710000
2025-03-06,801210.SI,8181.26,8387.60,8181.26,8383.03,1581800000,14829840000
2025-03-07,801210.SI,8365.99,8490.67,8354.17,8400.44,1556470000,15321490000
2025-03-10,801210.SI,8416.38,8469.71,8381.70,8437.58,1242430000,12198350000
2025-03-11,801210.SI,8335.49,8512.14,8329.23,8512.14,1530740000,15362990000
2025-03-12,801210.SI,8532.31,8566.07,8512.54,8517.67,1549890000,15744210000
2025-03-13,801210.SI,8487.17,8531.54,8373.74,8469.18,1418520000,14177510000
2025-03-14,801210.SI,8480.94,8712.04,8468.68,8712.04,2128560000,20524880000
2025-03-17,801210.SI,8757.84,8804.27,8717.90,8745.19,2013310000,18907300000
2025-03-18,801210.SI,8768.54,8821.06,8744.13,8779.65,2019420000,19578260000
2025-03-19,801210.SI,8742.71,8816.46,8692.62,8724.80,1776870000,17833590000
2025-03-20,801210.SI,8713.08,8763.36,8673.23,8697.45,1698360000,16791220000
2025-03-21,801210.SI,8613.83,8676.64,8548.80,8609.67,1651840000,15424580000
2025-03-24,801210.SI,8617.24,8735.08,8498.86,8636.95,2467240000,22530820000
2025-03-25,801210.SI,8594.71,8678.00,8517.30,8620.62,2112220000,20442800000
2025-03-26,801210.SI,8532.09,8686.24,8518.03,8649.16,1679070000,16853650000
2025-03-27,801210.SI,8630.75,8666.06,8537.65,8537.65,1577760000,16183330000
2025-03-28,801210.SI,8506.60,8583.06,8440.39,8440.75,1570220000,14981530000
2025-03-31,801210.SI,8404.13,8442.50,8253.17,8333.68,1548830000,14823640000
2025-04-01,801210.SI,8314.09,8451.35,8314.01,8399.87,1408860000,13397850000
2025-04-02,801210.SI,8367.88,8456.85,8361.46,8407.61,1170090000,11521620000
2025-04-03,801210.SI,8326.76,8525.84,8326.76,8482.10,1574390000,15327460000
2025-04-07,801210.SI,8044.87,8109.73,7507.74,7594.38,2073240000,19041950000
2025-04-08,801210.SI,7638.22,7846.40,7638.22,7815.43,2051880000,18171920000
2025-04-09,801210.SI,7669.87,8126.43,7350.82,8095.19,2355660000,20896100000
2025-04-10,801210.SI,8140.27,8362.59,8140.27,8280.82,2430370000,22874350000
2025-04-11,801210.SI,8198.91,8353.45,8198.91,8239.37,1922780000,18634200000
2025-04-14,801210.SI,8313.06,8465.69,8313.06,8411.31,2153890000,20088690000
2025-04-15,801210.SI,8431.37,8431.37,8295.42,8334.65,1768950000,16691600000
2025-04-16,801210.SI,8267.29,8409.46,8249.30,8366.27,2063250000,19434430000
2025-04-17,801210.SI,8273.76,8539.08,8261.22,8457.85,2124590000,21869510000
2025-04-18,801210.SI,8434.78,8438.68,8218.91,8250.70,1896390000,18120880000
2025-04-21,801210.SI,8191.59,8361.47,8191.59,8361.33,1743180000,16295510000
2025-04-22,801210.SI,8331.61,8345.52,8227.44,8313.31,1942780000,17131890000
2025-04-23,801210.SI,8318.95,8340.00,8253.25,8266.41,1536520000,13979540000
2025-04-24,801210.SI,8243.55,8283.60,8162.68,8197.15,1434130000,12805220000
2025-04-25,801210.SI,8167.23,8280.87,8138.45,8213.15,1573610000,14437630000
2025-04-28,801210.SI,8212.00,8213.27,8027.32,8033.21,1646790000,14713620000
2025-04-29,801210.SI,7981.89,8039.62,7953.14,7995.33,1177260000,10146190000
2025-04-30,801210.SI,7979.40,8057.13,7979.40,7997.15,1293880000,11222550000
2025-05-06,801210.SI,8063.80,8167.64,8063.80,8167.64,1497010000,13334570000
2025-05-07,801210.SI,8242.48,8261.16,8091.17,8148.17,1284030000,11694720000
2025-05-08,801210.SI,8128.29,8185.06,8112.46,8176.32,1194670000,10043270000
2025-05-09,801210.SI,8168.56,8168.56,8071.47,8086.87,1044660000,8984350000
2025-05-12,801210.SI,8116.60,8147.23,8099.97,8147.23,959930000,8622020000
2025-05-13,801210.SI,8202.94,8208.50,8133.48,8155.71,1214010000,11646930000
2025-05-14,801210.SI,8136.78,8167.63,8080.16,8141.79,991300000,9144530000
2025-05-15,801210.SI,8138.81,8138.81,8036.96,8042.16,897180000,8147780000
2025-05-16,801210.SI,8030.15,8065.09,8022.45,8043.06,818680000,7552270000
2025-05-19,801210.SI,8048.72,8131.49,8024.14,8125.38,1034670000,9875410000
2025-05-20,801210.SI,8122.13,8239.47,8122.13,8230.75,1128830000,10939940000
2025-05-21,801210.SI,8204.83,8204.83,8117.59,8159.21,898710000,8817390000
2025-05-22,801210.SI,8139.73,8171.96,8011.27,8012.43,992380000,9245230000
2025-05-23,801210.SI,7996.46,8045.18,7914.45,7914.45,874000000,7738790000
2025-05-26,801210.SI,7910.59,7974.77,7908.48,7974.77,701290000,6343760000
2025-05-27,801210.SI,7972.28,7985.55,7945.37,7971.61,759550000,6681390000
2025-05-28,801210.SI,7965.32,7969.65,7898.56,7925.39,788430000,7135880000
2025-05-29,801210.SI,7916.12,8024.37,7904.36,8024.37,924050000,8253950000
2025-05-30,801210.SI,7999.74,8011.16,7917.98,7928.75,895550000,7715470000
2025-06-03,801210.SI,7908.60,8037.22,7904.42,8037.22,1121200000,9515930000
2025-06-04,801210.SI,8034.34,8153.53,8018.32,8146.70,1279030000,12107680000
2025-06-05,801210.SI,8139.43,8181.70,8114.68,8148.36,1289490000,12224660000
2025-06-06,801210.SI,8139.72,8139.72,8063.84,8094.17,1246850000,10474250000
2025-06-09,801210.SI,8114.46,8216.52,8096.99,8216.17,1723230000,14535000000
2025-06-10,801210.SI,8201.65,8235.68,8063.21,8161.81,1713980000,15198630000
2025-06-11,801210.SI,8163.23,8257.13,8163.23,8249.22,1573780000,13559600000
2025-06-12,801210.SI,8229.52,8273.92,8196.12,8227.67,1544220000,13902000000
2025-06-13,801210.SI,8198.98,8203.55,8080.60,8093.24,1840460000,16191880000
2025-06-16,801210.SI,8051.30,8128.62,8040.39,8123.06,1247570000,11214510000
2025-06-17,801210.SI,8122.09,8159.95,8063.66,8090.43,1190630000,10765920000
2025-06-18,801210.SI,8064.55,8076.94,8016.64,8055.76,1031810000,9266340000
2025-06-19,801210.SI,8029.34,8091.73,7900.94,7921.16,1163780000,10968940000
2025-06-20,801210.SI,7907.44,7934.04,7822.29,7827.10,1018470000,8610050000
2025-06-23,801210.SI,7781.32,7905.38,7781.32,7905.38,928900000,8522350000
2025-06-24,801210.SI,7902.12,8035.94,7902.09,8035.72,1163540000,10129190000
2025-06-25,801210.SI,8068.89,8144.30,8038.22,8144.30,1262500000,11176600000
2025-06-26,801210.SI,8135.91,8212.19,8097.07,8178.75,1699340000,15807540000
2025-06-27,801210.SI,8146.68,8197.45,8146.68,8188.02,1469730000,14527220000
2025-06-30,801210.SI,8190.57,8256.39,8171.65,8256.39,1331660000,12434160000
2025-07-01,801210.SI,8309.18,8333.36,8228.10,8276.32,1463540000,13528080000
2025-07-02,801210.SI,8264.24,8272.08,8193.43,8230.46,1390010000,12798160000
2025-07-03,801210.SI,8215.16,8289.87,8215.16,8265.31,1212600000,11283860000
2025-07-04,801210.SI,8255.32,8291.25,8238.76,8248.63,1356730000,12981080000
2025-07-07,801210.SI,8249.23,8297.95,8240.92,8273.45,1117680000,11414970000
2025-07-08,801210.SI,8264.49,8351.34,8264.49,8350.76,1351320000,12735240000
2025-07-09,801210.SI,8365.26,8392.68,8322.18,8386.16,1516290000,14060960000
2025-07-10,801210.SI,8384.12,8457.21,8382.65,8412.78,1526760000,14055550000
2025-07-11,801210.SI,8420.16,8451.11,8370.74,8422.47,1518310000,13865120000
2025-07-14,801210.SI,8443.17,8453.17,8362.51,8381.28,1332500000,12145580000
2025-07-15,801210.SI,8383.72,8394.44,8226.56,8302.83,1455320000,14037700000
2025-07-16,801210.SI,8311.69,8420.16,8311.59,8396.60,1197070000,12064710000
2025-07-17,801210.SI,8389.12,8455.71,8385.51,8455.71,1134670000,11670420000
2025-07-18,801210.SI,8469.84,8520.66,8469.84,8510.73,1609750000,15179760000
2025-07-21,801210.SI,8497.29,8567.71,8486.91,8545.59,1611140000,15563320000
2025-07-22,801210.SI,8567.31,8629.66,8530.16,8629.66,1786730000,16605890000
2025-07-23,801210.SI,8645.21,8645.31,8525.41,8526.90,1920660000,18047560000
2025-07-24,801210.SI,8521.17,8698.15,8521.17,8698.15,1871680000,17829610000
2025-07-25,801210.SI,8738.31,8746.60,8698.13,8706.71,2164180000,19371290000
2025-07-28,801210.SI,8732.67,8732.67,8659.80,8691.25,1707960000,15352640000
2025-07-29,801210.SI,8718.42,8718.51,8612.97,8710.88,1948630000,16884200000
2025-07-30,801210.SI,8701.85,8788.80,8689.44,8767.26,2094630000,18685550000
2025-07-31,801210.SI,8752.50,8781.49,8657.22,8680.16,2012410000,18879500000
2025-08-01,801210.SI,8664.29,8719.24,8637.48,8715.80,1786140000,17592850000
2025-08-04,801210.SI,8676.27,8697.56,8648.70,8697.56,1460890000,13964210000
2025-08-05,801210.SI,8694.28,8742.84,8685.27,8742.84,1389670000,13674630000
2025-08-06,801210.SI,8741.78,8752.87,8698.20,8726.67,1722260000,16668460000
2025-08-07,801210.SI,8716.82,8723.73,8665.85,8702.23,1631410000,16715570000
2025-08-08,801210.SI,8683.33,8726.34,8655.01,8706.64,1589810000,16911180000
2025-08-11,801210.SI,8702.72,8754.89,8673.61,8754.46,1407380000,16118430000
2025-08-12,801210.SI,8745.27,8753.76,8689.80,8723.35,1388930000,15652420000
2025-08-13,801210.SI,8758.63,8758.63,8693.15,8757.51,1446880000,16033980000
2025-08-14,801210.SI,8747.91,8786.07,8639.61,8639.61,1799370000,19344120000
2025-08-15,801210.SI,8599.09,8741.54,8599.09,8741.54,1413990000,16058150000
2025-08-18,801210.SI,8771.81,8934.56,8771.81,8897.28,2285110000,22150420000
2025-08-19,801210.SI,8906.54,8956.78,8870.77,8912.34,1789900000,20359410000
2025-08-20,801210.SI,8898.24,9009.97,8862.49,9009.97,1938470000,22178040000
2025-08-21,801210.SI,9000.60,9054.56,8962.14,9004.14,1892600000,21863820000
2025-08-22,801210.SI,9042.27,9139.02,9014.31,9139.02,2226300000,22745690000
2025-08-25,801210.SI,9209.61,9292.73,9175.14,9278.80,2289600000,25357460000
2025-08-26,801210.SI,9271.28,9344.97,9268.55,9306.44,2242030000,27333680000
2025-08-27,801210.SI,9322.37,9322.37,9072.13,9073.50,2761410000,30014190000
2025-08-28,801210.SI,9057.87,9157.95,8920.77,9153.95,2572540000,27924240000
2025-08-29,801210.SI,9160.42,9189.72,9112.94,9118.58,2277600000,24958020000
2025-09-01,801210.SI,9113.49,9194.51,9113.49,9176.78,2265010000,24721340000
2025-09-02,801210.SI,9151.73,9151.73,8992.95,9034.42,2318760000,24824000000
2025-09-03,801210.SI,9061.43,9067.67,8886.58,8918.97,2164670000,21917330000
2025-09-04,801210.SI,8909.12,9055.31,8838.36,8978.78,2428070000,26385430000
2025-09-05,801210.SI,9012.53,9120.00,8855.77,9120.00,2373000000,25643940000
2025-09-08,801210.SI,9078.26,9188.91,9078.26,9123.02,2188090000,24571470000
2025-09-09,801210.SI,9109.65,9109.65,8985.55,9035.56,1802640000,19599390000
2025-09-10,801210.SI,9017.13,9133.28,9017.13,9132.26,1925470000,20661080000
2025-09-11,801210.SI,9099.64,9152.42,8989.06,9152.42,2077680000,21301660000
2025-09-12,801210.SI,9143.64,9187.23,9087.44,9094.17,1916310000,19378290000
2025-09-15,801210.SI,9080.00,9142.12,9052.79,9127.37,1855320000,19341530000
2025-09-16,801210.SI,9157.90,9231.52,9106.96,9231.52,2222950000,22464810000
2025-09-17,801210.SI,9282.67,9282.67,9115.30,9152.27,2106470000,22327560000
2025-09-18,801210.SI,9137.58,9229.88,9076.75,9155.25,2696170000,28490900000
2025-09-19,801210.SI,9118.63,9260.28,9025.15,9247.82,2647940000,29573020000
2025-09-22,801210.SI,9187.26,9187.26,9004.26,9059.57,2137670000,22865930000
2025-09-23,801210.SI,9004.04,9004.04,8662.63,8778.10,2248480000,21650650000
2025-09-24,801210.SI,8713.03,8824.04,8693.31,8823.20,1549410000,16158930000
2025-09-25,801210.SI,8794.94,8872.81,8756.44,8839.04,1617340000,16247260000
2025-09-26,801210.SI,8794.85,8801.75,8700.34,8700.34,1323760000,13020010000
2025-09-29,801210.SI,8689.00,8689.00,8566.05,8679.22,1429680000,13286770000
2025-09-30,801210.SI,8695.42,8752.95,8683.92,8684.16,1408130000,13496330000
2025-10-09,801210.SI,8660.10,8660.10,8535.97,8594.78,1695620000,16612580000
2025-10-10,801210.SI,8572.38,8626.66,8572.38,8596.85,1215280000,12176670000
2025-10-13,801210.SI,8334.18,8566.95,8334.18,8565.47,1276220000,12980760000
2025-10-14,801210.SI,8589.84,8646.62,8509.02,8531.17,1576470000,13947170000
2025-10-15,801210.SI,8543.02,8655.32,8521.02,8652.85,1251940000,11993760000
2025-10-16,801210.SI,8640.52,8683.64,8577.54,8598.16,1107470000,11636440000
2025-10-17,801210.SI,8577.21,8630.93,8448.62,8448.62,1162110000,12070520000
2025-10-20,801210.SI,8512.73,8563.15,8512.73,8558.90,1105220000,11886000000
2025-10-21,801210.SI,8559.89,8662.74,8538.23,8660.00,1152450000,12241550000
2025-10-22,801210.SI,8640.94,8678.02,8624.02,8637.90,1107660000,11324660000
2025-10-23,801210.SI,8646.72,8732.09,8594.72,8730.47,1182270000,13424550000
2025-10-24,801210.SI,8719.43,8720.27,8653.14,8668.32,1146490000,12769880000
2025-10-27,801210.SI,8684.65,8722.67,8658.24,8700.88,1163280000,13697460000
2025-10-28,801210.SI,8676.09,8712.73,8658.37,8665.18,1079650000,12254390000
2025-10-29,801210.SI,8651.68,8656.17,8586.95,8656.17,1089020000,11935400000
2025-10-30,801210.SI,8640.01,8646.15,8558.35,8558.35,1109130000,12211230000
2025-10-31,801210.SI,8578.25,8728.23,8578.25,8707.51,1234010000,13517410000
2025-11-03,801210.SI,8716.33,8798.02,8716.33,8798.02,1221630000,14059500000
2025-11-04,801210.SI,8775.76,8826.01,8763.23,8811.15,1261220000,14833320000
2025-11-05,801210.SI,8768.74,8890.44,8768.74,8852.98,1547590000,17361940000
2025-11-06,801210.SI,8821.86,8821.86,8716.19,8755.16,1449160000,15288180000
2025-11-07,801210.SI,8756.25,8770.39,8717.24,8717.24,1270000000,14182720000
2025-11-10,801210.SI,8722.01,8899.12,8714.48,8899.12,1637240000,18501540000
2025-11-11,801210.SI,8882.59,8903.97,8853.94,8881.81,1358140000,15317010000
2025-11-12,801210.SI,8888.19,8913.32,8819.67,8863.53,1329810000,14473170000
2025-11-13,801210.SI,8854.35,8969.08,8825.82,8968.11,1483870000,14814830000
2025-11-14,801210.SI,8944.72,9022.35,8915.58,8915.58,1542470000,15444790000
2025-11-17,801210.SI,8914.91,8978.86,8887.80,8971.63,1453030000,15377210000
2025-11-18,801210.SI,8947.92,8947.92,8875.98,8918.14,1420560000,15208050000
2025-11-19,801210.SI,8900.47,8921.20,8791.19,8847.00,1518220000,15595190000
2025-11-20,801210.SI,8854.11,8854.11,8732.80,8741.70,1317300000,13764100000
2025-11-21,801210.SI,8656.94,8730.91,8480.39,8482.44,1515540000,15594420000
2025-11-24,801210.SI,8516.32,8707.12,8516.32,8670.43,1488090000,14955930000
2025-11-25,801210.SI,8707.14,8864.99,8706.79,8832.00,1730890000,17171280000
2025-11-26,801210.SI,8796.81,8874.53,8730.49,8746.59,1583810000,15616910000
2025-11-27,801210.SI,8745.56,8785.73,8697.92,8738.04,1459690000,15066720000
2025-11-28,801210.SI,8721.02,8814.97,8696.88,8814.97,1397220000,14203290000
2025-12-01,801210.SI,8852.74,8935.28,8852.74,8933.90,1515410000,16778420000
2025-12-02,801210.SI,8905.84,8927.61,8848.74,8896.55,1430950000,16109190000
2025-12-03,801210.SI,8877.12,8906.73,8809.13,8823.82,1413400000,15537040000
2025-12-04,801210.SI,8795.08,8795.08,8642.43,8680.98,1362510000,13450770000
2025-12-05,801210.SI,8671.36,8757.72,8621.96,8757.69,1202610000,12248580000
2025-12-08,801210.SI,8784.34,8812.67,8757.42,8790.12,1369580000,15504490000
2025-12-09,801210.SI,8764.99,8822.48,8703.90,8709.44,1304620000,14395980000
2025-12-10,801210.SI,8706.88,8844.35,8684.21,8816.07,1685020000,16479360000
2025-12-11,801210.SI,8796.76,8796.76,8677.76,8682.13,1720010000,15447250000
2025-12-12,801210.SI,8672.43,8743.29,8646.25,8690.81,1427810000,14425020000
2025-12-15,801210.SI,8665.99,8713.74,8637.43,8645.09,1130680000,11486100000
2025-12-16,801210.SI,8650.45,8731.38,8620.24,8656.00,1448780000,14070660000
2025-12-17,801210.SI,8654.35,8745.31,8627.66,8745.31,1850210000,17214090000
2025-12-18,801210.SI,8688.94,8819.81,8688.94,8744.47,1609610000,15153650000
2025-12-19,801210.SI,8737.46,8926.08,8736.39,8921.63,1950880000,17278110000
2025-12-22,801210.SI,8912.48,8917.44,8853.69,8904.36,1500750000,14785450000
2025-12-23,801210.SI,8867.49,8867.49,8700.33,8719.74,1591600000,15216260000
2025-12-24,801210.SI,8680.93,8804.66,8653.84,8787.35,1585420000,15023900000
2025-12-25,801210.SI,8777.06,8844.83,8761.62,8819.55,1496820000,14354230000
2025-12-26,801210.SI,8806.26,8864.29,8754.55,8827.63,1463680000,14137960000
2025-12-29,801210.SI,8825.53,8826.70,8759.08,8773.27,1323710000,12805730000
2025-12-30,801210.SI,8748.06,8755.00,8664.62,8674.08,1272180000,12988270000
2025-12-31,801210.SI,8732.79,8795.92,8662.34,8764.42,1607410000,14576710000
2026-01-05,801210.SI,8767.23,8856.71,8751.65,8856.66,1805400000,17560620000
2026-01-06,801210.SI,8858.48,8965.60,8858.38,8962.37,1754440000,18080680000
2026-01-07,801210.SI,8952.22,9046.06,8935.03,8988.04,1810770000,19482350000
2026-01-08,801210.SI,8948.62,9089.15,8919.26,9062.80,1901020000,18428620000
2026-01-09,801210.SI,9061.84,9176.85,9061.84,9176.85,2098000000,21869320000
2026-01-12,801210.SI,9263.63,9481.42,9263.63,9471.76,2613530000,27781410000
2026-01-13,801210.SI,9494.50,9547.72,9380.74,9404.81,2909380000,31065920000
2026-01-14,801210.SI,9372.62,9618.81,9362.82,9520.18,3868250000,36571390000
2026-01-15,801210.SI,9535.81,9548.60,9406.55,9479.32,2782130000,28062240000
2026-01-16,801210.SI,9420.28,9438.79,9282.87,9317.24,2543300000,26117760000
2026-01-19,801210.SI,9288.31,9493.82,9288.31,9469.50,2209080000,25552530000
2026-01-20,801210.SI,9502.95,9564.60,9417.01,9470.22,1998270000,23063510000
2026-01-21,801210.SI,9433.02,9493.42,9359.05,9466.23,1643190000,18816370000
2026-01-22,801210.SI,9453.91,9535.83,9418.21,9521.22,1525920000,17409010000
2026-01-23,801210.SI,9534.19,9627.94,9511.49,9615.81,1667230000,19047550000
2026-01-26,801210.SI,9600.44,9612.95,9333.25,9394.34,1879590000,20879680000
2026-01-27,801210.SI,9387.66,9433.57,9220.92,9362.39,1655690000,17201200000
2026-01-28,801210.SI,9332.75,9369.32,9263.72,9274.52,1323490000,14610960000
2026-01-29,801210.SI,9234.38,9408.20,9159.23,9293.40,1768310000,17912670000
2026-01-30,801210.SI,9305.49,9356.88,9234.49,9283.84,1982660000,20102210000
2026-02-02,801210.SI,9193.19,9312.22,9135.50,9136.65,1802600000,18490090000
2026-02-03,801210.SI,9197.25,9311.79,9157.57,9311.79,1534170000,15873030000
2026-02-04,801210.SI,9275.10,9356.39,9253.62,9347.04,1393600000,14178920000
2026-02-05,801210.SI,9316.10,9447.14,9316.10,9414.82,1652460000,17789610000
2026-02-06,801210.SI,9346.04,9378.43,9257.89,9285.47,1414670000,15409540000
2026-02-09,801210.SI,9363.83,9424.00,9331.36,9424.00,1348890000,13990350000
2026-02-10,801210.SI,9422.69,9496.80,9312.64,9493.65,1702650000,16556880000
2026-02-11,801210.SI,9461.75,9461.75,9326.98,9328.81,1324860000,13494380000
2026-02-12,801210.SI,9325.72,9325.72,9226.17,9254.61,1345440000,13532500000
2026-02-13,801210.SI,9253.92,9310.59,9210.47,9213.22,1104610000,11496800000
2026-02-24,801210.SI,9301.71,9301.71,9167.73,9198.63,1246750000,13780210000
2026-02-25,801210.SI,9203.94,9267.99,9203.94,9246.85,1158520000,11935950000
2026-02-26,801210.SI,9249.52,9249.52,9173.03,9187.20,1105850000,11786870000
2026-02-27,801210.SI,9192.14,9377.33,9192.14,9368.14,1498890000,13634850000
2026-03-02,801210.SI,9204.89,9271.64,9067.41,9117.47,1676130000,15960730000
2026-03-03,801210.SI,9133.26,9161.59,8840.65,8845.92,1499310000,14601090000
2026-03-04,801210.SI,8738.83,8887.10,8736.50,8792.25,1068760000,10431620000
2026-03-05,801210.SI,8921.92,8985.88,8864.49,8895.82,1285880000,11373400000
2026-03-06,801210.SI,8869.05,9037.83,8869.05,9027.93,1079900000,10594230000
2026-03-09,801210.SI,8902.70,8979.58,8809.66,8962.08,1098480000,11830130000
2026-03-10,801210.SI,9020.72,9111.48,9020.72,9107.46,968050000,10466630000
2026-03-11,801210.SI,9120.99,9124.86,9025.83,9053.51,870600000,9633610000
2026-03-12,801210.SI,9039.45,9063.61,8978.95,9026.66,928840000,9863970000
2026-03-13,801210.SI,8997.03,9080.65,8935.22,8954.30,1037580000,11067540000
2026-03-16,801210.SI,8949.80,9013.82,8922.13,9013.31,996180000,11092600000
2026-03-17,801210.SI,9018.24,9049.41,8886.54,8888.30,956760000,10951020000
2026-03-18,801210.SI,8894.98,8936.16,8814.00,8932.65,865340000,9836670000
2026-03-19,801210.SI,8843.35,8853.87,8713.46,8743.49,840280000,9286880000
2026-03-20,801210.SI,8767.58,8794.63,8595.37,8596.15,942080000,10049470000
2026-03-23,801210.SI,8466.74,8466.74,8001.08,8044.88,1387940000,13634480000
2026-03-24,801210.SI,8202.78,8314.61,8071.40,8314.13,1074860000,10823620000
2026-03-25,801210.SI,8353.65,8564.19,8353.65,8531.49,1131970000,11431850000
2026-03-26,801210.SI,8529.89,8563.71,8368.93,8393.75,1000070000,10564370000
2026-03-27,801210.SI,8304.78,8471.49,8304.78,8465.81,817030000,8429840000
2026-03-30,801210.SI,8357.88,8440.69,8310.14,8435.36,852110000,8779450000
2026-03-31,801210.SI,8448.42,8556.33,8381.51,8382.20,1024870000,10796720000
2026-04-01,801210.SI,8499.38,8560.26,8460.74,8558.83,996920000,11006550000
2026-04-02,801210.SI,8526.88,8528.44,8358.83,8405.72,885950000,9308600000
2026-04-03,801210.SI,8437.98,8437.98,8201.57,8211.34,796110000,7823140000
2026-04-07,801210.SI,8227.87,8301.13,8220.77,8290.17,792850000,8244960000
2026-04-08,801210.SI,8433.19,8604.65,8433.19,8604.65,1197160000,12378000000
2026-04-09,801210.SI,8542.83,8542.83,8425.19,8437.95,998740000,10352260000
2026-04-10,801210.SI,8486.39,8601.98,8486.39,8511.67,1063490000,10822830000
2026-04-13,801210.SI,8458.33,8515.84,8458.33,8505.08,860630000,9644020000
2026-04-14,801210.SI,8554.49,8566.04,8467.20,8566.04,991040000,11442310000
2026-04-15,801210.SI,8595.39,8633.52,8572.34,8588.16,1206790000,13328910000
2026-04-16,801210.SI,8582.57,8768.53,8570.57,8755.07,1402170000,16174430000
2026-04-17,801210.SI,8736.85,8736.85,8608.13,8650.73,1286970000,14997420000
2026-04-20,801210.SI,8651.57,8738.93,8651.57,8731.15,1332950000,15970660000
2026-04-21,801210.SI,8704.29,8772.24,8638.00,8705.44,1175920000,14129600000
2026-04-22,801210.SI,8664.89,8664.89,8616.54,8641.83,1072550000,12233210000
2026-04-23,801210.SI,8627.57,8667.31,8573.40,8594.02,1174690000,14158680000
2026-04-24,801210.SI,8561.55,8572.02,8450.74,8501.04,1155280000,12454960000
2026-04-27,801210.SI,8489.14,8546.46,8406.03,8541.08,1201730000,12746330000
2026-04-28,801210.SI,8482.56,8482.56,8321.20,8353.17,1199550000,13044830000
2026-04-29,801210.SI,8339.62,8503.73,8339.60,8483.05,1270510000,13204220000
2026-04-30,801210.SI,8484.71,8521.42,8469.58,8506.39,1090890000,11995630000
2026-05-06,801210.SI,8472.01,8476.85,8378.08,8403.32,1338580000,15234000000
2026-05-07,801210.SI,8386.46,8491.48,8386.46,8479.89,1293380000,14913670000
2026-05-08,801210.SI,8472.10,8573.11,8472.00,8570.70,1319620000,14681650000
2026-05-11,801210.SI,8625.77,8625.77,8521.51,8554.20,1315870000,14815670000
2026-05-12,801210.SI,8561.40,8561.40,8424.68,8445.66,1182860000,13422110000
2026-05-13,801210.SI,8441.30,8521.83,8414.11,8496.80,1169160000,13818680000
2026-05-14,801210.SI,8520.43,8520.43,8325.65,8325.65,1247910000,13451860000
2026-05-15,801210.SI,8333.89,8372.79,8243.46,8290.25,1189900000,13181080000
2026-05-18,801210.SI,8271.85,8271.85,8166.56,8215.14,1020450000,11122710000
2026-05-19,801210.SI,8191.07,8262.99,8145.28,8262.99,1135980000,12305800000
2026-05-20,801210.SI,8240.44,8240.44,8135.33,8161.07,1012220000,11061160000
2026-05-21,801210.SI,8187.72,8263.64,7975.02,7981.21,1233280000,13263720000
2026-05-22,801210.SI,8031.39,8058.73,7961.31,8039.42,967240000,11185760000
2026-05-25,801210.SI,8057.34,8077.00,7958.44,8030.94,1012620000,11969650000
2026-05-26,801210.SI,8017.75,8078.31,7960.86,8072.41,1205940000,12637020000
2026-05-27,801210.SI,8066.16,8114.73,7907.10,7940.23,1134040000,12713770000
2026-05-28,801210.SI,7928.16,8002.91,7844.85,7970.69,1056100000,11806060000
2026-05-29,801210.SI,8012.12,8033.90,7870.45,7890.30,1237040000,13909250000
2026-06-01,801210.SI,7856.74,8007.70,7849.50,7984.10,1143790000,12394660000
2026-06-02,801210.SI,7977.44,7977.44,7838.35,7866.73,1018310000,10246450000
2026-06-03,801210.SI,7845.17,7854.35,7766.62,7819.41,1192810000,11577570000
2026-06-04,801210.SI,7768.85,7805.28,7639.06,7693.30,984470000,10080670000
2026-06-05,801210.SI,7711.43,7807.93,7663.64,7743.16,1052520000,11605570000
2026-06-08,801210.SI,7568.69,7722.95,7457.41,7546.96,1123200000,11319420000
2026-06-09,801210.SI,7596.68,7596.68,7491.95,7564.74,977000000,10013680000
2026-06-10,801210.SI,7516.13,7570.61,7503.36,7560.38,1246000000,12147550000
2026-06-11,801210.SI,7532.57,7532.57,7363.30,7436.22,1253800000,11181170000
2026-06-12,801210.SI,7490.38,7597.63,7479.90,7558.20,1368070000,13315720000
2026-06-15,801210.SI,7585.35,7716.30,7585.35,7711.93,1189800000,12274060000
2026-06-16,801210.SI,7699.32,7711.49,7660.77,7710.06,1149420000,11809460000
2026-06-17,801210.SI,7662.38,7662.38,7543.50,7600.85,1174910000,11552770000
2026-06-18,801210.SI,7584.11,7648.74,7519.27,7565.50,1051170000,10664930000
2026-06-22,801210.SI,7545.68,7593.49,7364.99,7590.84,1288910000,13038880000
2026-06-23,801210.SI,7552.70,7665.62,7524.09,7556.94,1080490000,10758820000
2026-06-24,801210.SI,7529.36,7529.36,7310.46,7447.95,1127300000,11210100000
2026-06-25,801210.SI,7459.96,7472.16,7341.03,7367.61,1058600000,10821610000
2026-06-26,801210.SI,7326.62,7355.24,7234.60,7242.72,1075440000,10645980000
2026-06-29,801210.SI,7223.08,7240.84,7058.37,7208.53,1098100000,10805590000
2026-06-30,801210.SI,7231.81,7246.12,7161.55,7230.82,1122190000,9738560000
2026-07-01,801210.SI,7240.09,7507.36,7230.65,7470.75,1448180000,12538940000
2026-07-02,801210.SI,7403.02,7530.41,7379.10,7387.55,1353590000,12077460000
2026-07-03,801210.SI,7418.76,7454.52,7357.22,7405.05,1090160000,9881630000
2026-07-06,801210.SI,7461.00,7520.05,7365.65,7396.52,983720000,9804970000
2026-07-07,801210.SI,7338.00,7341.95,7160.87,7170.92,1597480000,10373830000
2026-07-08,801210.SI,7212.80,7213.44,7085.43,7103.28,1521580000,10884280000
2026-07-09,801210.SI,7063.85,7075.77,6880.02,7007.47,1443400000,10862970000
2026-07-10,801210.SI,6977.98,7164.54,6977.98,7058.49,1430210000,11608980000
2026-07-13,801210.SI,7008.87,7025.50,6731.69,6733.35,1204610000,10219020000
2026-07-14,801210.SI,6761.79,6853.52,6694.62,6853.52,984200000,8772690000
2026-07-15,801210.SI,6829.09,6991.42,6829.09,6945.58,1131590000,9786660000
2026-07-16,801210.SI,6896.44,7020.21,6882.43,6936.14,1117010000,9819280000
2026-07-17,801210.SI,6926.66,6966.72,6604.17,6636.10,1205628000,10542677900
2026-07-20,801210.SI,6669.38,6734.26,6453.40,6542.61,1246520000,11465580000
2026-07-21,801210.SI,6543.40,6629.74,6417.63,6611.62,1314370000,11269460000
2026-07-22,801210.SI,6566.06,6616.19,6544.96,6594.87,975620000,9306390000
2026-07-23,801210.SI,6579.49,6685.56,6565.51,6683.18,1036600000,8694020000
2026-07-24,801210.SI,6625.61,6635.91,6465.09,6465.09,914250000,7695550000
2026-07-27,801210.SI,6477.64,6699.52,6477.64,6695.20,1099650000,9318940000
2026-07-28,801210.SI,6652.76,6798.20,6652.76,6739.33,1231300000,9641710000
2026-07-29,801210.SI,6780.62,6940.09,6780.62,6901.89,1497550000,11736190000
2026-07-30,801210.SI,6879.58,7039.56,6879.58,6914.00,1804760000,13822670000
2026-07-31,801210.SI,6884.59,7112.70,6884.59,7091.69,1656810000,13964430000
2026-08-03,801210.SI,7088.70,7125.52,7064.81,7120.66,1314680000,11315580000
2026-08-04,801210.SI,7137.64,7192.45,7118.10,7178.86,1399040000,11693130000
2026-08-05,801210.SI,7161.75,7291.76,7161.75,7285.54,1909380000,13879590000
2026-08-06,801210.SI,7274.56,7301.09,7163.14,7244.66,1742640000,13209960000
2026-08-07,801210.SI,7250.40,7253.87,7120.13,7252.64,1399078100,12137185900
